 Silhouette Coefficient,Number of Clusters
0.886608618,2
0.89881815,3
0.853046373,4
0.844807964,5
0.797166505,6
0.789372649,7
0.766381107,8
0.799990046,9
